Fecha,bios_IN_CAUDAL,bios_IN_DBO5t,bios_IN_DBO5t_conc,bios_IN_DQOt,bios_IN_DQOt_conc,bios_IN_MES,bios_IN_MES_conc,bios_IN_NNH4,bios_IN_NNH4_conc,bios_IN_NT,bios_IN_NT_conc,bios_IN_P-PO4,bios_IN_P-PO4_conc,bios_IN_Pt,bios_IN_Pt_conc,bios_IN_actiflo_MES_conc,bios_IN_pH,bios_IN_ratio_DBO5t_DQOt,bios_estado_Cm_carga masica,bios_estado_MV,bios_estado_MV_fango_primario_a_espesador,bios_estado_SVI,bios_estado_Tª,bios_estado_fango_recirculacion_conc,bios_estado_kg_MES_totales,bios_estado_kg_MV_totales,bios_estado_pH,bios_estado_pH_fango_primario_a_espesador,bios_manipulable_Caudal_polimero_actiflo,bios_manipulable_Caudal_purga_BIOS_a_espesador,bios_manipulable_Caudal_purga_primarios_a_espesador,bios_manipulable_Caudal_recirculacion,bios_manipulable_Cl3Fe,bios_manipulable_Cl3Fe_actiflo,bios_manipulable_O2_Bio1_Zona_1,bios_manipulable_O2_Bio1_Zona_2,bios_manipulable_O2_Bio2_Zona_1,bios_manipulable_O2_Bio2_Zona_2,bios_manipulable_O2_Bio3_Zona_1,bios_manipulable_O2_Bio3_Zona_2,bios_manipulable_O2_Promedio_Zona_1,bios_manipulable_O2_Promedio_Zona_2,bios_manipulable_SRT,bios_manipulable_TRH,bios_manipulable_kg_dia_fango_primario_a_espesador,efluente_DBO5t_conc,efluente_DQOt_conc,efluente_MES_conc,efluente_N-NH4_conc,efluente_N-NO3_conc,efluente_Ntk_conc,efluente_P-PO4_conc,efluente_Pt_conc,efluente_SO4_conc,efluente_Turbidez,efluente_pH,efluente_rend_elim_DBO5,efluente_rend_elim_DQOt,efluente_rend_elim_NTK,efluente_rend_elim_Pt,efluente_rend_elim_SST,electricidad_Consumo_AGUAS_kWdia,electricidad_Consumo_EDAR_kWdia,electricidad_Consumo_LAMSON_kWdia,electricidad_Consumo_SOPLANTES_BIOLOGICO_kWdia,electricidad_Consumo_fangos_kWh,electricidad_Consumo_ventilacion_kWdia,electricidad_produccion_Turbina_kWdia,fangos_IN_Caudal_a_centrifuga,fangos_IN_kg_dia_fango_a_centrifuga,fangos_bio_kg_MES_retornos_dia,fangos_estado_MS%_fango_a_HORNO,fangos_estado_MS_fango_a _centrifuga,fangos_estado_MV%_fango_a_HORNO,fangos_estado_MV_fango_a_centrifuga,fangos_estado_MV_fango_biologico_a_stocker,fangos_estado_MV_fango_primario_a_stocker,fangos_estado_fango_biologico_a_stocker_conc,fangos_estado_fango_primario_a_stocker_conc,fangos_estado_pH_fango_biologico_a_stocker,fangos_estado_pH_fango_primario_a_stocker,fangos_manipulable_Caudal_polimero_solido,fangos_manipulable_Caudal_purga_BIOS_a_stocker,fangos_manipulable_Caudal_purga_primarios_a_stocker,fangos_manipulable_kg_dia_fango_biologico_a_stocker,fangos_manipulable_kg_dia_fango_primario_a_stocker,horno_IN_Caudal_ms_a_HORNO,horno_IN_kg_fango_a_horno,horno_OUT_Vapor_turbinado,horno_Produccion_vapor_KG/h,horno_estado_kg_fango_MV_a_HORNO,horno_manipulable_Caudal_aire_horno,horno_manipulable_Caudal_fuel_a_HORNO,horno_manipulable_O2_humos,horno_manipulable_Temp_lecho_ºC,influente_CAUDAL,influente_Conductividad,influente_DBO5t,influente_DBO5t_conc,influente_DQOt,influente_DQOt_conc,influente_MES,influente_MES_conc,influente_MV,influente_NNH4,influente_NNH4_conc,influente_NTk,influente_NTk_conc,influente_P-PO4,influente_P-PO4_conc,influente_Pt,influente_Pt_conc,influente_SO4,influente_SO4_conc,influente_pH,influente_ratio_DBO5t_DQOt,P24,PRES00,PRES07,PRES13,PRES18,TMED
,m3,kg/día,mgO2/l,kg/día,mgO2/l,kg/día,mg/l,kg/día,mg/l,kg/día,mg/l,kg/día,mg/l,kg/día,mg/l,mg/l,,,kg DQO/kg MV,%,%,,,g/l,,,,,CAUDAL DE   POLIMERO,m3/día,m3/día,m3/día,litros/dia bio,litros/dia  Actiflo,g/l,g/l,g/l,g/l,g/l,g/l,,,días,horas,kg/día,mgO2/l,mgO2/l,mg/l,mg/l,mg/l,mg/l,mg/l,mg/l,mg/l,,,%,%,%,%,%,kwh/día,kw/día,kw/día,kw/día,kw/día,kw/día,kw/h,m3/día,kg/día,kg/día,Promedio,g/l,Promedio,%,%,%,g/l,g/l,,,kg/h,m3/día,m3/día,kg/día,kg/día,kg MS/h,kg MS/h,kg/h,kg/h,kg MV/h,Nm3/h,l/dia,O2 humos,Temp media lecho horno,m3,,kg/día,mgO2/l,kg/día,mgO2/l,kg/día,mg/l,%,kg/día,mg/l,kg/día,mg/l,,mg/l,kg/día,mg/l,,mg/l,,,mm,(1/10)hPa,(1/10)hPa,(1/10)hPa,(1/10)hPa,(1/10)C
2021-04-01,143491.0,,,,,25254.416,176.0,,,,,,,,,,7.58,,,,,,,,,,,,0.0,8491.0,10218.0,215806.5,3968.375,2.86,1.4041630029678345,2.065642833709717,1.2083851099014282,2.183274507522583,5.011082649230957,4.999998092651367,2.5412102540334067,3.082971811294556,,,,,68.0,19.0,,,,0.09,0.56,,14.225542068481445,7.33,,0.8656126482213439,,0.8979963570127504,0.9366666666666666,19232.199999999997,52077.1,4085.1000000000004,19987.3,16983.899999999998,7959.0,,1088.4375,5877.5625,,,,,,,,,,,,6.36057,620.1875,352.3125,22016.65625,22900.3125,63136.0,-8594.229030468749,4110.333333333333,4467.416666666667,,17695.0,0.578125,,755.0311889648438,135000.0,3020.0,36585.0,271.0,68310.0,506.0,40500.0,300.0,90.0,,,,,,,741.15,5.49,81270.0,602.0,7.29,0.5355731225296443,,,,,,
2021-04-02,146364.0,,,,,32492.808,222.0,,,,,,,,,,7.58,,,,,,,,,,,,0.0,8364.0,10778.0,209521.0,4214.5,3.5749999999999997,1.3887426853179932,2.357207775115967,1.285084843635559,2.4365272521972656,5.011496067047119,4.999608993530273,2.561774532000224,3.2644480069478354,,,,,76.0,25.0,,,,0.11,0.82,,13.461448669433596,7.63,,0.848,,0.8369781312127236,0.9342105263157895,17615.1,49779.700000000004,3927.1,18552.3,16799.6,6724.5,,1014.4375,5477.962500000001,,,,,,,,,,,,6.636795,576.625,322.875,20470.1875,20986.875,57164.0,-8009.930025468749,3835.3333333333335,4281.958333333333,,17255.333333333332,4.46875,,764.2151489257812,138000.0,2950.0,37398.0,271.0,69000.0,500.0,52440.0,380.0,93.2,,,,,,,694.14,5.03,71622.0,519.0,7.27,0.542,,,,,,
2021-04-03,157578.0,,,,,28048.884,178.0,,,,,,,,,,7.84,,,,,,,,,,,,0.0,8578.0,9706.0,214631.5,4392.25,2.86,1.4186760187149048,2.731433868408203,1.2978814840316772,2.662471055984497,5.0112504959106445,4.999909400939941,2.5759359995524087,3.4646047751108804,,,,,69.0,25.0,,,,0.08,0.65,,12.414680480957033,7.67,,0.8814432989690721,,0.872549019607843,0.9264705882352942,17031.6,49515.80000000001,3763.6000000000004,19066.600000000002,16285.8,5649.8,,1010.8125,5458.387500000001,,,,,,,,,,,,6.580244999999999,584.875,319.875,20763.0625,20791.875,59276.0,-7981.307270156249,3770.6666666666665,4093.875,,16831.333333333332,37.84375,,769.4916381835938,149000.0,2760.0,37101.0,249.0,86718.0,582.0,50660.0,340.0,92.9,,,,,,,759.9,5.1,80013.0,537.0,7.47,0.4278350515463917,,,,,,
2021-04-04,153540.0,,,90281.52,588.0,44526.6,290.0,,,,,,,,,,7.85,,,,,,,,,,,,0.0,8540.0,8502.0,217022.75,4402.375,3.5749999999999997,1.3303205966949463,2.5463473796844482,1.2504225969314575,2.6710705757141113,5.010562896728516,4.999833106994629,2.53043536345164,3.4057503541310634,,,,,73.0,23.0,,,,0.11,0.57,,12.803180694580078,7.59,,0.9061696658097687,,0.898936170212766,0.9488888888888889,17265.600000000002,50120.600000000006,3559.9,19546.399999999998,15861.300000000001,5795.100000000001,,1001.15625,5406.243750000001,16439.28,,,,,,,,,,,5.8355250000000005,553.0,315.25,19631.5,20491.25,63624.0,-7905.062171953124,3715.6666666666665,4039.9166666666665,,16310.0,66.3125,,754.6448974609375,145000.0,2740.0,40890.0,282.0,112810.0,778.0,65250.0,450.0,92.4,,,,,,,817.8,5.64,83085.0,573.0,7.7,0.3624678663239074,,,,,,
2021-04-05,168386.0,17175.372,102.0,98000.652,582.0,42770.044,254.0,,,,,585.98328,3.48,1182.06972,7.02,,7.47,0.17525773195876287,1.1907601698437489,90.2,89.3,63.0,20.3,4.03,91242.7,82300.9154,7.26,7.67,0.0,8386.0,8320.0,211594.75,3306.0,2.86,1.1992580890655518,2.067455530166626,1.2070368528366089,1.8738508224487305,5.010700225830078,4.999886989593506,2.472331722577413,2.980397780736288,2.699841221840252,,28038.4,,82.0,31.0,,,,0.08,0.95,,13.782468795776367,7.73,,0.8954081632653061,,0.8529411764705882,0.9119318181818182,17424.8,52128.900000000016,3938.4000000000005,21473.399999999998,16610.500000000004,5881.799999999999,,1087.40625,58067.49375,25220.97,25.4,53.4,80.05,81.4,79.8,82.7,45.2,66.4,6.66,6.26,6.616784999999999,613.0,326.75,27707.600000000002,21696.2,67420.0,46689.46738640625,3959.6666666666665,4289.333333333333,37374.9186428182,17301.666666666668,36.65625,,755.6297607421875,160000.0,2690.0,35840.0,224.0,125440.0,784.0,56320.0,352.0,88.1,,,,,364.8,2.28,1033.6,6.46,84000.0,525.0,7.64,0.2857142857142857,,,,,,
2021-04-06,169488.0,22033.44,130.0,90337.104,533.0,41016.096,242.0,7694.7552000000005,45.4,13152.268799999998,77.6,,,949.1328,5.6,,8.03,0.24390243902439024,1.0828975256295323,93.6,91.8,60.0,20.4,3.9,89125.7,83421.6552,7.32,7.5,0.0,8488.0,8266.0,215665.0,3334.375,3.5749999999999997,1.4820398092269897,2.040283679962158,1.198744773864746,1.971210241317749,5.009975910186768,5.000317573547363,2.5635868310928345,3.003937164942424,2.692359046859518,,33146.659999999996,,79.0,32.0,37.0,2.76,47.0,0.11,0.78,,15.053900718688965,7.85,,0.9086705202312139,0.27244582043343646,0.8741935483870967,0.912568306010929,16996.7,50871.2,4600.0,21281.4,18092.8,5641.900000000001,,1249.78125,64488.7125,20578.04,25.366666666666664,51.6,81.23333333333333,81.9,79.65,83.4,45.849999999999994,62.0,6.675,6.17,8.254137499999999,696.8125,392.6875,31948.853124999998,24346.625,76132.0,49230.7456115625,4494.333333333333,4913.916666666667,39991.77568512594,18846.0,35.953125,,742.8814086914062,161000.0,2850.0,38962.0,242.0,139265.0,865.0,58926.0,366.0,96.2,6230.7,38.7,10400.6,64.6,,,998.2,6.2,94024.0,584.0,7.98,0.2797687861271677,,,,,,
2021-04-07,168382.0,22058.042,131.0,90757.898,539.0,41085.208,244.0,,,,,,,1089.43154,6.47,,7.85,0.24304267161410015,1.0032480365789964,91.7,87.9,54.0,18.6,4.71,98652.2,90464.0674,7.3,7.65,0.0,8382.0,7952.0,218260.5,3308.75,2.86,1.4532254934310913,2.167351484298706,1.2671822309494019,2.1043286323547363,5.0091776847839355,4.999965667724609,2.576528469721476,3.0905485947926836,2.49883862953726,,26957.280000000002,,88.0,38.0,,,,0.11,0.93,615.0,18.975038528442386,7.76,,0.9201451905626135,,0.8371278458844134,0.9166666666666666,17941.100000000002,50082.90000000001,4722.899999999999,18982.5,18759.8,5887.900000000001,,1275.40625,59944.09375,24188.58,25.133333333333336,47.0,80.56666666666666,81.8,79.8,84.1,45.150000000000006,51.3,6.665,6.22,9.0164375,689.625,454.375,31136.568750000002,23309.4375,74912.0,49239.194586718746,4658.333333333333,5010.375,39670.37777203307,19201.333333333332,20.453125,,739.1319580078125,160000.0,3080.0,46080.0,288.0,176320.0,1102.0,72960.0,456.0,92.1,,,,,,,913.6,5.71,101280.0,633.0,7.7,0.2613430127041742,,,,,,
2021-04-08,173271.0,26683.734,154.0,88368.21,510.0,35000.742,202.0,,,,,,,918.3362999999999,5.3,,7.78,0.3019607843137255,1.0013190393491613,85.6,88.0,50.0,18.1,3.72,103097.9,88251.8024,7.1,7.52,0.0,8271.0,9028.0,211346.5,3912.875,3.5749999999999997,1.3537951707839966,2.0168962478637695,1.1991273164749146,1.9806435108184814,5.009712219238281,4.999855041503906,2.520878235499064,2.9991316000620523,3.350802713977975,,12548.919999999998,,73.0,26.0,,,,0.11,0.71,,18.67578887939453,7.77,,0.9022757697456493,,0.86996336996337,0.937799043062201,20482.5,53451.1,4757.1,19928.0,18579.000000000004,7157.1,,1194.125,62213.9125,23052.3,25.2,52.1,81.6,82.7,79.55,83.9,45.75,51.0,6.625,6.16,8.386711666666667,651.75,405.25,29817.5625,20667.75,73324.0,51599.86526796875,4599.0,4950.791666666667,42105.4900586625,19328.0,6.125,,750.4170532226562,165000.0,2940.0,50160.0,304.0,123255.0,747.0,68970.0,418.0,85.2,,,,,,,900.9,5.46,96690.0,586.0,7.61,0.4069611780455154,,,,,,
2021-04-09,178828.0,,,73140.652,409.0,33977.32,190.0,,,,,,,,,,7.44,,0.8226822187358533,90.9,85.4,57.0,18.7,4.82,97805.4,88905.1086,7.21,7.22,0.0,7828.0,9006.0,215779.0,3507.625,2.86,1.4634417295455933,2.0317370891571045,1.243139386177063,2.074469804763794,5.009132385253906,5.000428676605225,2.571904500325521,3.0355451901753745,2.592178942703817,,70246.8,,56.0,16.0,,,,0.06,0.43,,14.05201816558838,7.63,,0.9298245614035088,,0.9203703703703704,0.9765395894428153,19948.3,49392.6,4776.799999999999,16415.6,18563.899999999994,6428.3,,1154.65625,59811.19375,,25.066666666666666,51.8,80.53333333333333,82.0,79.55,85.1,44.55,67.0,6.525,5.95,7.314556666666667,598.25,377.5,26652.0375,25292.5,71828.0,47381.4577775,4576.333333333333,4976.833333333333,38157.86733014666,19363.666666666668,81.9375,,747.57421875,171000.0,2270.0,72846.0,426.0,136458.0,798.0,116622.0,682.0,86.5,,,,,,,923.4000000000001,5.4,76095.0,445.0,7.14,0.5338345864661654,,,,,,
2021-04-10,165881.0,,,29692.699,179.0,11943.432,72.0,,,,,,,,,,7.72,,,,,,,,,,,,0.0,7881.0,8084.0,216561.0,2876.375,3.5749999999999997,1.4504892826080322,2.422151803970337,1.3205127716064453,2.350585699081421,5.010087013244629,4.999825477600098,2.5936963558197017,3.257520993550618,,,63055.2,,55.0,16.0,,,,0.07,0.37,,11.661377906799315,7.51,,0.9181547619047619,,0.9166666666666666,0.9550561797752809,17070.3,48083.7,4973.0,17365.1,18516.300000000003,5853.6,,958.5,49650.299999999996,,,,,,,,,,,,5.169045,483.8125,311.4375,17175.34375,20243.4375,64040.0,39332.16252,4338.666666666667,4745.708333333333,,19850.333333333332,202.28125,,778.4537353515625,158000.0,2370.0,42344.0,268.0,106176.0,672.0,56248.0,356.0,83.1,,,,,,,701.5200000000001,4.44,69520.0,440.0,7.4,0.39880952380952384,,,,,,
2021-04-11,172865.0,,,86086.77,498.0,49439.39,286.0,,,,,,,,,,7.72,,,,,,,,,,,,0.0,7865.0,12502.0,212146.5,3036.125,2.86,1.8436803817749023,2.6933274269104004,1.729941725730896,2.5642802715301514,5.009487152099609,5.000016212463379,2.861036419868469,3.4192079703013096,,,97515.59999999999,,46.0,13.0,,,,0.07,0.38,,10.4826078414917,7.4,,0.9198606271777003,,0.9233870967741936,0.9624277456647399,19413.6,48938.19999999999,4152.1,14765.500000000002,17348.899999999994,5307.4,,1018.625,52764.774999999994,13490.4,,,,,,,,,,,6.820240000000001,504.4375,320.8125,17907.53125,20852.8125,59572.0,41799.39910999999,3676.6666666666665,4432.083333333333,,17799.0,176.046875,,746.765869140625,165000.0,1512.0,35640.0,216.0,94710.0,574.0,57090.0,346.0,82.6,,,,,,,818.4,4.96,46530.0,282.0,7.55,0.3763066202090593,,,,,,
2021-04-12,208346.0,50003.04,240.0,116673.76,560.0,67087.412,322.0,7708.802,37.0,14313.370200000001,68.7,552.1169,2.65,1295.91212,6.22,,7.96,0.42857142857142855,1.5357097105960984,82.5,82.9,48.0,18.1,1.79,92089.5,75973.8375,7.09,7.24,0.0,11346.0,9614.0,105098.5,1320.125,3.5749999999999997,3.823350429534912,4.063289642333984,3.7773971557617188,4.094626426696777,5.009058952331543,4.999815464019775,4.2032688458760585,4.385910511016847,4.534342327224814,,14613.28,,,,,,,,,,7.258293151855469,,,,,,,19757.4,45889.1,3528.5,13227.5,14126.500000000004,5404.200000000001,,819.8125,44433.8375,24755.16,27.0,54.2,74.7,77.9,78.1,78.9,42.55,78.6,6.72,5.83,4.8438,428.4375,232.3125,18230.015625,18259.762499999997,43012.0,35625.181735000006,3044.3333333333335,3517.2916666666665,26612.01075604501,15666.0,117.34375,,760.3642578125,197000.0,2370.0,65404.0,332.0,115836.0,588.0,59100.0,300.0,84.7,6737.400000000001,34.2,10598.6,53.8,405.82,2.06,894.38,4.54,92393.0,469.0,7.76,0.564625850340136,,,,,,
2021-04-13,193739.0,,,,,,,,,,,,,,,,,,,,80.5,,,,,,,7.48,0.0,5739.0,8714.0,3321.0,0.0,3.5749999999999997,5.002330780029297,4.996609687805176,4.999791622161865,4.996275901794434,5.009932994842529,4.999767780303955,5.0040184656778965,4.9975511233011884,,,,,,,,,,,,,3.7785959243774414,,,,,,,18482.100000000002,40957.5,3858.5,11659.4,13521.1,5422.900000000001,,767.21875,40125.540625,,26.0,52.3,77.0,78.4,77.25,78.7,42.25,60.8,6.7,6.05,5.060206666666667,353.875,257.375,14951.21875,15648.4,40228.0,35039.38092273437,2704.3333333333335,3372.9583333333335,26980.323310505468,15237.333333333334,0.0,,764.7800903320312,188000.0,2540.0,75576.0,402.0,165252.0,879.0,92872.0,494.0,90.7,,,,,,,1222.0,6.5,102460.0,545.0,7.8,0.4573378839590443,,,,,,
2021-04-14,51002.0,,,,,,,,,,,,,,,,,,,,,,,,,,,,0.0,2.0,2.0,,0.0,1.43,5.002440929412842,4.996652126312256,2.6923110485076904,4.996304035186768,5.010146617889404,2.6923325061798096,4.2349661986033125,4.2284295558929434,,,,,,,,,,,,,,,,,,,,14883.668253968255,43092.326984126994,2874.1777777777784,14741.469841269849,4609.1238095238095,4983.092063492063,,77.59375,4058.153125,,,,,,,,,,,,0.49476000000000003,,5.875,,381.875,4684.0,3543.7571924218746,0.3333333333333333,1126.5833333333333,,2921.6666666666665,0.125,,799.512451171875,51000.0,,,,,,,,,,,,,,,,,,,,,,,,,,
2021-04-15,185005.0,34410.93,186.0,93612.53,506.0,48101.3,260.0,,,,,,,925.025,5.0,,7.89,0.3675889328063241,,,,,,,,,,,0.0,5.0,3830.0,,1146.25,3.5749999999999997,5.002710819244385,4.99698543548584,0.0001554030313855037,4.99661111831665,5.01044225692749,-6.270148878684267e-05,3.337769493067753,3.3311779507712345,,,,,,,,,,,,,,,,,,,,14613.238095238097,42761.047619047626,2811.466666666667,15031.2761904762,3794.9714285714285,4955.009523809524,,391.15625,22452.368749999998,,27.4,57.4,76.8,77.9,76.25,79.2,41.900000000000006,75.7,6.6099999999999985,5.63,2.120463333333333,234.25,161.75,9815.075,12244.475,11552.0,20169.03521203125,0.0,1429.4166666666667,15489.81904284,7180.666666666667,5.296875,,795.9222412109375,185000.0,3080.0,57905.0,313.0,137825.0,745.0,68820.0,372.0,82.2,,,,,,,1248.75,6.75,128390.0,694.0,7.75,0.42013422818791946,,,,,,
2021-04-16,177472.0,,,92640.384,522.0,32654.848,184.0,,,,,,,,,,7.54,,2.353357883821401,81.2,84.4,33.0,18.8,2.88,48479.3,39365.19160000001,7.55,7.7,0.0,1472.0,7986.0,112138.0,3359.625,2.86,3.044111967086792,3.6663455963134766,0.348207950592041,3.4905242919921875,5.009471893310547,,2.800597270329793,,11.435523286533819,,24517.02,,116.0,50.0,,,,0.07,1.26,,,7.62,,0.8736383442265795,,0.8152492668621701,0.8936170212765957,14613.238095238097,42761.047619047626,2811.466666666667,15031.2761904762,3794.9714285714285,4955.009523809524,,785.46875,41472.75,,27.2,52.8,75.5,77.6,75.6,72.3,41.75,83.5,6.5600000000000005,5.69,5.085019999999999,623.25,251.25,26020.6875,20979.375,43184.0,36041.32785,1792.0,3462.7083333333335,27211.20252675,15488.333333333334,0.375,,791.7404174804688,176000.0,3070.0,73216.0,416.0,161568.0,918.0,82720.0,470.0,85.1,,,,,,,1200.32,6.82,100672.0,572.0,7.29,0.4531590413943355,,,,,,
2021-04-17,158394.0,,,80939.334,511.0,29461.284,186.0,,,,,,,,,,7.7,,,,,,,,,,,,0.0,4394.0,7660.0,192990.5,3464.125,3.5749999999999997,1.2846020460128784,1.7677152156829834,1.3150020837783813,1.6325838565826416,5.009149551391602,,2.5362512270609536,,,,23516.199999999997,,74.0,26.0,,,,0.04,0.48,,16.908178329467773,7.61,,0.9062103929024081,,0.9238095238095239,0.9419642857142857,14613.238095238097,42761.047619047626,2811.466666666667,15031.2761904762,3794.9714285714285,4955.009523809524,,885.9375,46777.5,,,,,,,,,,,,5.668166666666666,931.875,278.125,33081.5625,18078.125,66276.0,40651.3485,3251.3333333333335,3755.4166666666665,,16261.333333333334,10.171875,,774.726318359375,154000.0,2890.0,56518.0,367.0,121506.0,789.0,68992.0,448.0,92.8,,,,,,,970.2,6.3,80388.0,522.0,7.49,0.4651457541191382,,,,,,
2021-04-18,161044.0,,,77945.296,484.0,38972.648,242.0,,,,,,,,,,7.75,,,,,,,,,,,,0.0,4044.0,7602.0,187756.5,2900.875,2.86,1.3965541124343872,2.0050604343414307,1.3269082307815552,2.0044448375701904,5.009734630584717,,2.57773232460022,,,,23338.14,,54.0,17.0,,,,0.05,0.29,,11.490633964538574,7.59,,0.9402654867256637,,0.9466911764705882,0.9570707070707071,14613.238095238097,42761.047619047626,2811.466666666667,15031.2761904762,3794.9714285714285,4955.009523809524,,950.78125,50201.25,,,,,,,,,,,,5.481199999999999,959.5625,321.9375,34064.46875,20925.9375,61656.0,43626.71175,3205.3333333333335,3704.5,,16308.666666666666,165.125,,776.2001342773438,157000.0,2910.0,41134.0,262.0,141928.0,904.0,62172.0,396.0,87.4,,,,,,,854.0800000000002,5.44,78500.0,500.0,7.93,0.28982300884955753,,,,,,
2021-04-19,177626.0,37656.712,212.0,86503.862,487.0,39077.72,220.0,,,,,458.27508,2.58,953.85162,5.37,,7.65,0.4353182751540041,1.0483202468149038,80.7,90.3,60.0,18.7,5.1,102251.1,82516.6377,7.2,7.59,0.0,4626.0,7926.0,197822.5,3020.0,3.5749999999999997,1.348909616470337,1.9975959062576294,1.2826194763183594,2.0101633071899414,5.010695934295654,,2.54740834236145,,4.334032705170266,,29643.24,,58.0,17.0,,,,0.05,0.34,,10.98467254638672,7.61,,0.9196675900277008,,0.9393939393939394,0.9519774011299436,16702.779365079365,47172.58253968254,3259.4555555555553,16808.525396825396,1765.6904761904761,5435.569841269841,,1070.0625,45477.65625,,25.85,42.5,77.6,78.6,73.55,84.5,39.95,48.5,6.87,6.39,6.666053333333333,1057.9375,381.5625,42264.603125,18505.78125,73016.0,40090.694109375,3353.0,3805.0,31110.378628874998,16192.666666666666,145.171875,,766.5379638671875,173000.0,3030.0,72314.0,418.0,124906.0,722.0,61242.0,354.0,88.1,,,,,482.67,2.79,970.53,5.61,93939.0,543.0,7.9,0.5789473684210527,,,,,,
2021-04-20,172380.0,34476.0,200.0,83949.06,487.0,39302.64,228.0,6929.676000000001,40.2,8756.904,50.8,,,953.2614,5.53,,7.83,0.4106776180698152,0.9613500542856807,83.5,86.8,61.0,19.0,5.27,104579.8,87324.133,7.13,7.32,0.0,6380.0,7674.0,191856.0,2941.0,2.86,1.5468918085098267,2.014838457107544,1.336711049079895,2.0883374214172363,5.010987758636475,,2.631530205408732,,3.110401932033811,,8441.400000000001,,71.0,22.0,40.8,0.75,45.9,0.05,0.46,,12.25967025756836,7.71,,0.9016620498614959,0.09108910891089111,0.9162112932604736,0.9417989417989417,16836.399999999998,47135.600000000006,3814.5,16804.700000000004,12531.300000000001,6041.400000000001,,1148.4375,54206.25,,25.5,47.2,80.3,79.8,75.35,85.6,39.25,65.6,6.85,5.97,6.722018333333334,1154.75,382.0,45323.9375,25059.199999999997,98652.0,46784.10515625,3886.0,4245.5,37567.63644046875,16991.333333333332,83.890625,,751.0100708007812,166000.0,3170.0,63578.0,383.0,119852.0,722.0,62748.0,378.0,88.9,7221.0,43.5,8383.0,50.5,,,911.34,5.49,112050.0,675.0,7.92,0.5304709141274239,,,,,,
2021-04-21,195154.0,26931.252,138.0,84891.99,435.0,44104.804,226.0,,,,,,,839.1622,4.3,,7.53,0.31724137931034485,0.926391129461017,86.4,86.8,60.0,19.3,6.28,106061.7,91637.3088,7.04,7.16,0.0,7154.0,7848.0,190268.5,4306.375,3.5749999999999997,1.5985966920852661,2.0255017280578613,1.453872799873352,2.1491620540618896,5.010895252227783,,2.6877882480621342,,2.360750032497075,,23465.52,,70.0,18.0,,,,0.04,0.34,626.0,12.03636360168457,7.68,,0.9,,0.9290187891440501,0.9587155963302753,18387.6,47322.0,4056.1000000000004,15703.9,17930.600000000002,5657.5,,1327.4375,61194.86875,,25.1,46.1,80.35,79.7,74.1,85.1,37.25,56.8,6.835,6.02,8.427658333333335,1349.875,425.375,50282.84375,24161.3,136600.0,51455.154501875004,4174.0,4547.375,41344.216642256564,17533.666666666668,4.265625,,739.3324584960938,188000.0,2830.0,56588.0,301.0,131600.0,700.0,81968.0,436.0,88.1,,,,,,,900.52,4.79,119380.0,635.0,7.82,0.43,,,,,,
2021-04-22,199868.0,,,70753.272,354.0,33977.56,170.0,,,,,,,,,,7.5,,0.9110145410253173,83.0,82.1,61.0,18.4,5.17,93571.4,77664.262,7.12,7.42,0.0,7868.0,8484.0,208371.5,4697.125,2.86,1.4439946413040161,2.120392322540283,1.4321664571762085,2.2381584644317627,5.0103325843811035,,2.6288312276204433,,2.3003198815268178,,120557.64000000001,,52.0,13.0,,,,0.02,0.3,,10.20689582824707,7.23,,0.9190031152647975,,0.9510603588907015,0.9583333333333334,18533.399999999998,46957.00000000001,4056.9000000000005,15107.899999999996,18073.6,5715.399999999999,,1282.5625,62076.025,,24.633333333333336,48.4,76.63333333333334,76.9,75.5,79.2,37.85,64.5,6.885,6.01,9.519236666666666,1255.6875,473.5625,47527.771875,30544.78125,113188.0,50910.77548604167,4217.0,4630.125,39014.62428080327,17568.0,0.28125,,732.055908203125,192000.0,3150.0,56064.0,292.0,123264.0,642.0,59904.0,312.0,91.0,,,,,,,1176.96,6.13,111936.0,583.0,7.19,0.454828660436137,,,,,,
2021-04-23,176415.0,,,66155.625,375.0,35283.0,200.0,,,,,,,,,,7.45,,,,,,,,,,,,0.0,7415.0,9830.0,208459.5,3220.5,3.5749999999999997,1.529255986213684,2.444319725036621,1.5385594367980957,2.502948045730591,5.010924339294434,,2.6929132541020717,,,,139684.30000000002,,58.0,20.0,,,,0.05,0.45,,11.702129364013672,7.79,,0.9221476510067114,,0.9199288256227758,0.954337899543379,17727.4,50110.299999999996,3893.7000000000003,18168.499999999996,17362.100000000002,5692.499999999999,,1114.59375,53946.3375,,,,,,,,,,,,8.245493333333334,1104.6875,403.3125,39216.40625,26215.3125,74916.0,44243.3270615625,3728.6666666666665,4155.625,,17305.666666666668,151.015625,,743.2308349609375,169000.0,3180.0,30420.0,180.0,125905.0,745.0,74022.0,438.0,90.4,,,,,,,949.78,5.62,103259.0,611.0,7.47,0.2416107382550336,,,,,,
2021-04-24,177410.0,,,68480.26,386.0,35482.0,200.0,,,,,,,,,,7.68,,,,,,,,,,,,0.0,7410.0,7404.0,203216.5,3007.125,3.5749999999999997,1.6335936784744263,2.0799899101257324,1.528860092163086,2.2224996089935303,5.010732173919678,,2.7243953148523965,,,,105210.84000000001,,64.0,20.0,,,,0.05,0.54,,12.488774299621582,7.68,,0.9226118500604595,,0.9148264984227129,0.9476439790575916,16586.3,48864.70000000001,3414.8,17808.7,16461.5,5817.3,,955.4375,46243.174999999996,,,,,,,,,,,,7.200060000000001,988.9375,297.3125,35107.28125,19325.3125,123284.0,37925.68709395833,3384.6666666666665,3767.2083333333335,,16001.666666666666,243.046875,,754.7592163085938,170000.0,2980.0,47430.0,279.0,140590.0,827.0,64940.0,382.0,91.1,,,,,,,1077.8,6.34,93670.0,551.0,7.51,0.3373639661426844,,,,,,
2021-04-25,191605.0,,,67828.17,354.0,39087.42,204.0,,,,,,,,,,7.6,,,,,,,,,,,,0.0,7605.0,7380.0,212128.0,4342.875,2.86,1.9024417400360107,2.67075514793396,1.9346578121185303,2.7335875034332275,5.010659217834473,,2.949252923329672,,,,104869.8,,44.0,15.0,,,,0.05,0.3,,10.818601608276367,7.6,,0.912,,0.9253731343283582,0.943609022556391,18681.600000000002,47812.700000000004,3504.7000000000007,14812.899999999998,16762.1,5720.7,,1123.46875,54375.8875,,,,,,,,,,,,8.460373333333335,1159.5625,356.4375,41164.46875,23168.4375,99936.0,44595.61642947917,3415.6666666666665,3819.375,,16220.0,407.015625,,755.8578491210938,184000.0,1906.0,33120.0,180.0,92000.0,500.0,48944.0,266.0,92.5,,,,,,,739.6799999999998,4.02,73416.0,399.0,8.01,0.36,,,,,,
2021-04-26,199170.0,25493.76,128.0,94207.41,473.0,55369.26,278.0,,,,,258.921,1.3,993.8583000000001,4.99,,7.73,0.27061310782241016,1.0898420320720603,92.8,86.2,66.0,18.6,4.89,93148.0,86441.344,7.1,7.78,0.0,8170.0,7458.0,210331.5,3608.875,3.5749999999999997,1.5441975593566895,2.4361062049865723,1.7308123111724854,2.5718820095062256,5.010313034057617,,2.7617743015289307,,2.331538648304311,,24536.82,,55.0,22.0,,,,0.04,0.46,,11.053656578063963,7.72,,0.9089403973509934,,0.9041666666666667,0.9413333333333334,19260.4,45795.60000000001,4134.3,13703.099999999999,18082.5,5768.6,,1208.4375,55829.8125,,24.6,46.2,77.2,77.5,76.85,79.1,40.4,72.3,6.695,5.87,10.675145833333334,1237.0625,389.1875,49977.325,28138.25625,95060.0,43930.848065625,4259.333333333333,4625.083333333333,33914.614706662505,17762.666666666668,39.3125,,738.404296875,191000.0,2480.0,38582.0,202.0,115364.0,604.0,71625.0,375.0,87.1,,,,,355.26,1.86,916.8,4.8,51761.0,271.0,7.91,0.3344370860927152,,,,,,
2021-04-27,193166.0,28202.236,146.0,87697.364,454.0,49450.496,256.0,,,,,,,911.7435199999999,4.72,,7.78,0.32158590308370044,1.085858951874704,87.1,87.0,59.0,19.4,3.86,92724.6,80763.12659999999,7.16,7.54,0.0,8166.0,7956.0,204696.0,5648.625,2.86,1.741485357284546,2.4001636505126953,1.975549578666687,2.6592466831207275,5.011443614959717,,2.90949285030365,,2.9416993752688705,,25697.88,,65.0,21.0,,,,0.04,0.37,,12.103096961975098,7.76,,0.909972299168975,,0.9174107142857143,0.9419889502762431,18324.199999999997,47298.799999999996,3572.5,15479.5,16752.300000000003,5917.599999999999,,1079.25,51156.45,,25.65,47.4,78.4,78.6,77.7,79.6,40.8,69.0,6.745,5.95,7.701243333333334,1110.375,321.625,45303.299999999996,22192.125,72796.0,40955.7999075,3744.3333333333335,4122.875,32109.34712748,16310.333333333334,82.765625,,729.838623046875,185000.0,2920.0,51800.0,280.0,133570.0,722.0,66970.0,362.0,85.6,,,,,,,828.8000000000001,4.48,107300.0,580.0,7.9,0.3878116343490305,,,,,,
2021-04-28,201258.0,24955.992,124.0,94591.26,470.0,56352.24,280.0,6359.752800000001,31.6,9922.0194,49.3,,,1020.37806,5.07,,7.72,0.2638297872340425,1.0840085338377654,87.7,81.8,57.0,19.3,4.34,99499.0,87260.623,7.15,7.66,0.0,8258.0,8780.0,208939.5,5350.25,3.5749999999999997,2.2119390964508057,2.9877736568450928,1.8440965414047241,2.9987545013427734,5.012049198150635,,3.022694945335388,,2.776221466015918,,58738.200000000004,,48.0,18.0,32.7,0.8,41.1,0.04,0.42,,11.578023910522461,7.68,,0.9267175572519084,0.24029574861367836,0.9279588336192109,0.9556650246305419,18250.1,50469.899999999994,3795.8999999999996,18865.699999999997,16839.0,5791.6,,1192.5625,57720.025,,24.6,48.4,78.0,80.0,77.6,79.9,41.0,74.7,6.71,5.48,7.422153333333334,1229.375,345.625,50404.375,25818.1875,84576.0,49272.8722628125,3778.0,4256.583333333333,38432.84036499375,16687.333333333332,190.71875,,724.148681640625,193000.0,2520.0,42074.0,218.0,126415.0,655.0,78358.0,406.0,83.7,6253.2,32.4,10441.3,54.1,,,1125.19,5.83,100360.0,520.0,7.89,0.332824427480916,,,,,,
2021-04-29,205694.0,23654.81,115.0,88654.114,431.0,53891.828,262.0,,,,,,,773.4094399999999,3.76,,7.89,0.2668213457076566,1.0363190564893245,90.2,86.5,65.0,19.7,4.61,94841.6,85547.1232,7.03,7.42,0.0,7694.0,8148.0,207686.0,5192.5,2.86,1.6266241073608398,2.1768321990966797,1.5858248472213745,2.3686647415161133,5.010951042175293,,2.7411333322525024,,2.6739037151522975,,,,54.0,17.0,,,,0.03,0.39,564.0,10.387655258178713,7.66,,0.9291338582677166,,0.9155844155844156,0.962882096069869,18796.2,47849.299999999996,3675.9999999999995,15648.599999999999,16634.0,5897.3,,1172.40625,57213.424999999996,,25.85,48.8,76.65,78.1,77.25,78.1,39.8,74.5,6.62,5.91,6.579343333333334,1243.8125,335.1875,49503.737499999996,24971.46875,93532.0,43207.6723525,3682.0,4118.75,33118.68085819125,16141.333333333334,144.28125,,746.9795532226562,198000.0,2830.0,39798.0,201.0,150876.0,762.0,90684.0,458.0,84.3,,,,,,,914.76,4.62,119790.0,605.0,8.05,0.2637795275590551,,,,,,
2021-04-30,190977.0,,,50990.859,267.0,27118.734,142.0,,,,,,,,,,7.64,,0.6618390979648747,82.9,81.6,59.0,19.8,4.11,92936.3,77044.19270000001,7.19,7.18,0.0,7977.0,7892.0,200785.0,3540.625,3.5749999999999997,1.4916865825653076,2.0856716632843018,1.327911615371704,2.225576877593994,5.010617733001709,,2.6100719769795737,,2.8346795089410035,,,,69.0,20.0,,,,0.03,0.5,,12.027198791503904,7.65,,0.9066305818673883,,0.9092558983666061,0.9473684210526315,17726.7,47636.90000000001,3940.0000000000005,17368.1,17193.5,5932.400000000001,,1211.03125,62004.8,,24.7,51.2,77.1,78.5,77.69999999999999,78.1,40.2,72.7,6.66,5.86,6.950333333333333,1279.6875,354.0625,51443.4375,25740.34375,103460.0,52048.088592500004,4132.333333333333,4489.125,40129.0763048175,17246.333333333332,238.984375,,737.9805908203125,183000.0,3260.0,47397.0,259.0,135237.0,739.0,69540.0,380.0,88.4,,,,,,,1008.33,5.51,120048.0,656.0,7.05,0.35047361299052776,,,,,,
